{
  "minecraft:adventure/sleep_in_bed": {
    "criteria": {
      "slept_in_bed": "2024-03-19 20:31:15 -0700"
    },
    "done": true
  },
  "gregtech:steam/13_steel": {
    "criteria": {
      "location": "2024-03-19 20:33:45 -0700"
    },
    "done": true
  },
  "nuclearcraft:root": {
    "criteria": {
      "location": "2024-03-19 20:30:37 -0700"
    },
    "done": true
  },
  "minecraft:recipes/decorations/chest": {
    "criteria": {
      "has_lots_of_items": "2024-03-19 20:38:46 -0700"
    },
    "done": true
  },
  "gregtech:steam/1_first_tools": {
    "criteria": {
      "location": "2024-03-19 20:37:29 -0700"
    },
    "done": true
  },
  "gregtech:steam/2_more_tools": {
    "criteria": {
      "location": "2024-03-19 20:34:48 -0700"
    },
    "done": true
  },
  "minecraft:adventure/adventuring_time": {
    "criteria": {
      "forest": "2024-03-19 20:30:37 -0700",
      "plains": "2024-03-19 20:30:51 -0700"
    },
    "done": false
  }
}