{"stat.pickup.gregtech.ore_cassiterite_sand_0":199,"stat.mineBlock.gregtech.ore_lapis_0":4,"stat.leaveGame":13,"stat.craftItem.thermalfoundation.wrench":1,"stat.pickup.gregtech.ore_gold_0":63,"stat.pickup.thermalexpansion.capacitor":10,"stat.mineBlock.minecraft.stained_glass":7,"stat.pickup.gregtech.ore_lead_0":3,"stat.pickup.gregtech.ore_tin_0":230,"stat.craftItem.gregtech.metal_casing":42,"stat.craftItem.enderio.item_liquid_conduit":1,"stat.pickup.betterquesting.quest_book":1,"stat.pickup.minecraft.leaves2":18,"stat.pickup.gregtech.ore_oilsands_0":5,"stat.pickup.gregtech.planks":116,"stat.pickup.minecraft.cobblestone_wall":31,"stat.pickup.minecraft.bucket":2,"stat.useItem.minecraft.rail":2,"stat.craftItem.minecraft.iron_shovel":1,"stat.drop.extrautils2.redstoneclock":2,"stat.craftItem.gregtech.meta_gem":16,"stat.pickup.gregtech.screwdriver":1,"stat.useItem.minecraft.iron_pickaxe":63,"stat.pickup.minecraft.stained_hardened_clay":12,"stat.useItem.minecraft.iron_shovel":55,"stat.pickup.gregtech.stone_cobble":6,"stat.craftItem.minecraft.bed":1,"stat.craftItem.gregtech.cable_single":95,"stat.craftItem.minecraft.glass_pane":304,"stat.pickup.gregtech.item_pipe_small":3,"stat.mineBlock.gregtech.ore_talc_0":36,"stat.mineBlock.minecraft.hopper":4,"stat.pickup.gregtech.ore_glauconite_sand_0":37,"stat.furnaceInteraction":49,"stat.mineBlock.minecraft.rail":4,"stat.craftItem.gregtech.item_pipe_small":1,"stat.pickup.gregtech.ore_magnetite_0":489,"stat.pickup.gregtech.ore_fullers_earth_0":8,"stat.pickup.minecraft.beef":65,"stat.mineBlock.minecraft.stained_hardened_clay":13,"stat.mineBlock.gregtech.ore_banded_iron_0":30,"stat.pickup.gregtech.ore_copper_0":75,"stat.mineBlock.thermalexpansion.dynamo":3,"stat.mineBlock.gregtech.ore_diatomite_0":21,"stat.useItem.minecraft.flint_and_steel":1,"stat.useItem.minecraft.wheat_seeds":155,"stat.useItem.gregtech.cable_single":13,"stat.pickup.gregtech.meta_stick":2,"stat.mineBlock.snad.snad":1,"stat.pickup.gregtech.ore_lazurite_0":7,"stat.useItem.minecraft.dye":16,"stat.useItem.gregtech.metal_casing":32,"stat.deaths":2,"stat.pickup.gregtech.ore_cassiterite_0":161,"stat.pickup.enderio.item_liquid_conduit":8,"stat.craftItem.minecraft.iron_pickaxe":2,"stat.mineBlock.minecraft.tallgrass":426,"stat.pickup.gregtech.ore_vanadium_magnetite_0":109,"stat.chestOpened":959,"stat.craftItem.minecraft.sign":9,"stat.useItem.minecraft.stone":18,"stat.useItem.gregtech.ore_tin_0":2,"stat.craftItem.minecraft.coal":844,"stat.drop.minecraft.iron_pickaxe":1,"stat.craftItem.gregtech.file":2,"stat.pickup.extrautils2.redstoneclock":2,"stat.pickup.enderio.item_alloy_ingot":1,"stat.mineBlock.gregtech.ore_sodalite_0":26,"stat.crouchOneCm":21786,"stat.mineBlock.minecraft.chest":6,"stat.craftItem.minecraft.diamond":47,"stat.pickup.minecraft.rail":4,"stat.mineBlock.gregtech.ore_malachite_0":23,"stat.craftItem.minecraft.iron_ingot":912,"stat.pickup.gregtech.ore_calcite_0":6,"stat.craftItem.minecraft.hopper":3,"stat.craftingTableInteraction":219,"stat.mineBlock.gregtech.ore_copper_0":78,"stat.craftItem.gregtech.wire_double":10,"stat.drop.betterquesting.quest_book":1,"stat.craftItem.thermalexpansion.satchel":1,"stat.useItem.minecraft.reeds":19,"stat.craftItem.gregtech.ore_gold_0":32,"stat.craftItem.enderio.item_power_conduit":15,"stat.pickup.minecraft.dye":2,"stat.pickup.minecraft.planks":14,"stat.craftItem.gregtech.hammer":4,"stat.pickup.minecraft.wheat_seeds":201,"stat.mineBlock.minecraft.glass":3,"stat.mineBlock.minecraft.dirt":377,"stat.pickup.gregtech.wire_single":38,"stat.useItem.minecraft.cobblestone":304,"stat.useItem.minecraft.gravel":1,"stat.mineBlock.minecraft.double_plant":8,"stat.craftItem.contenttweaker.omnicoin":20,"stat.pickup.minecraft.iron_pickaxe":1,"stat.craftItem.minecraft.gold_ingot":93,"stat.pickup.minecraft.hopper":5,"stat.craftItem.chisel.chisel_iron":1,"stat.pickup.minecraft.apple":3,"stat.mineBlock.gregtech.ore_chalcopyrite_0":466,"stat.craftItem.minecraft.bucket":1,"stat.craftItem.minecraft.planks":1036,"stat.useItem.gregtech.axe":1163,"stat.pickup.gregtech.ore_pentlandite_0":18,"stat.mineBlock.gregtech.ore_gold_0":68,"stat.mineBlock.morefurnaces.furnaceblock":17,"stat.mineBlock.gregtech.ore_lead_0":3,"stat.useItem.minecraft.stonebrick":1,"stat.pickup.minecraft.book":3,"stat.mineBlock.minecraft.log":489,"stat.craftItem.minecraft.paper":42,"stat.craftItem.nuclearcraft.water_source":1,"stat.pickup.minecraft.wool":20,"stat.useItem.gregtech.machine":5,"stat.mineBlock.gregtech.ore_cassiterite_sand_0":153,"stat.pickup.gregtech.meta_gem":1,"stat.mineBlock.gregtech.ore_zeolite_0":11,"stat.craftItem.storagedrawers.basicdrawers":21,"stat.useItem.minecraft.iron_axe":54,"stat.craftItem.contenttweaker.omnicoin5":25,"stat.mineBlock.minecraft.cobblestone":31,"stat.pickup.minecraft.flint":1,"stat.mineBlock.minecraft.yellow_flower":3,"stat.craftItem.gregtech.meta_wire_fine":154,"stat.mineBlock.gregtech.ore_realgar_0":42,"stat.mineBlock.minecraft.stained_glass_pane":2,"stat.craftItem.gregtech.mortar":2,"stat.pickup.gregtech.ore_diatomite_0":20,"stat.craftItem.thermalexpansion.augment":2,"stat.drop.minecraft.cobblestone":68,"stat.useItem.minecraft.obsidian":10,"stat.useItem.minecraft.stone_slab2":154,"stat.craftItem.morefurnaces.furnaceblock":15,"stat.breakItem.gregtech.wire_cutter":3,"stat.pickup.gregtech.ore_gypsum_0":4,"stat.craftItem.minecraft.furnace":15,"stat.useItem.morefurnaces.furnaceblock":6,"stat.mineBlock.gregtech.ore_graphite_0":128,"stat.mineBlock.gregtech.ore_magnetite_0":448,"stat.mineBlock.minecraft.obsidian":18,"stat.mineBlock.minecraft.clay":4,"stat.flyOneCm":3608255,"stat.mineBlock.gregtech.ore_diamond_0":96,"stat.drop.tombmanygraves.death_list":2,"stat.pickup.gregtech.ore_cinnabar_0":30,"stat.timeSinceDeath":60938,"stat.pickup.gregtech.ore_talc_0":36,"stat.craftItem.minecraft.spawn_egg":2,"stat.pickup.thermalexpansion.dynamo":3,"stat.craftItem.minecraft.stonebrick":18,"stat.mineBlock.gregtech.ore_granitic_mineral_sand_0":38,"stat.pickup.gregtech.fluid_pipe_normal":1,"stat.craftItem.minecraft.stone_hoe":1,"stat.mineBlock.gregtech.ore_cassiterite_0":141,"stat.craftItem.gregtech.meta_dust_small":64,"stat.pickup.minecraft.string":2,"stat.mineBlock.minecraft.ladder":3,"stat.pickup.gregtech.hammer":4,"stat.killEntity.Squid":1,"stat.sprintOneCm":947569,"stat.mineBlock.minecraft.stone_slab":12,"stat.pickup.gregtech.ore_granitic_mineral_sand_0":36,"stat.useItem.enderio.item_yeta_wrench":42,"stat.useItem.enderio.item_power_conduit":5,"stat.pickup.gregtech.ore_galena_0":42,"stat.useItem.gregtech.mining_hammer":11176,"stat.useItem.gregtech.wire_single":1,"stat.drop.minecraft.cobblestone_wall":50,"stat.pickup.gregtech.ore_sodalite_0":24,"stat.craftItem.enderio.item_yeta_wrench":1,"stat.useItem.minecraft.ladder":111,"stat.craftItem.gregtech.cable_quadruple":10,"stat.pickup.gregtech.ore_lapis_0":4,"stat.craftItem.minecraft.dye":27,"stat.craftItem.minecraft.diamond_axe":1,"stat.diveOneCm":29868,"stat.craftItem.minecraft.slime_ball":102,"stat.pickup.minecraft.wheat":83,"stat.mineBlock.gregtech.metal_casing":2,"stat.pickup.storagedrawers.basicdrawers":3,"stat.craftItem.minecraft.ladder":195,"stat.craftItem.openglider.hang_glider_basic":1,"stat.pickup.minecraft.sign":5,"stat.pickup.gregtech.ore_garnet_sand_0":37,"stat.pickup.minecraft.obsidian":18,"stat.jump":7639,"stat.pickup.minecraft.coal":605,"stat.pickup.minecraft.iron_ingot":253,"stat.mineBlock.gregtech.ore_lazurite_0":7,"stat.mineBlock.nuclearcraft.water_source":3,"stat.craftItem.minecraft.torch":368,"stat.pickup.minecraft.dirt":388,"stat.useItem.minecraft.glass":4,"stat.craftItem.gregtech.wire_quadruple":25,"stat.useItem.minecraft.sapling":17,"stat.pickup.actuallyadditions.item_flax_seed":1,"stat.pickup.minecraft.iron_axe":2,"stat.craftItem.gregtech.rubber_sapling":64,"stat.mineBlock.minecraft.glass_pane":2,"stat.pickup.gregtech.cable_single":12,"stat.brewingstandInteraction":1,"stat.damageTaken":2408,"stat.craftItem.gregtech.planks":284,"stat.mineBlock.minecraft.torch":14,"stat.pickup.gregtech.wire_double":3,"stat.mineBlock.minecraft.sapling":1,"stat.craftItem.minecraft.comparator":2,"stat.drop.chisel.cobblestone":64,"stat.useItem.forge.bucketfilled":15,"stat.pickup.hooked.microcrafting":1,"stat.craftItem.extrautils2.compressedsand":20,"stat.useItem.thermalexpansion.augment":1,"stat.craftItem.minecraft.stone_slab":36,"stat.craftItem.openglider.hang_glider_part":3,"stat.animalsBred":10,"stat.useItem.minecraft.chest":9,"stat.pickup.gregtech.meta_dust_tiny":16,"stat.mineBlock.gregtech.ore_ruby_0":31,"stat.mineBlock.gregtech.ore_basaltic_mineral_sand_0":11,"stat.pickup.minecraft.ladder":2,"stat.pickup.actuallyadditions.item_coffee_beans":2,"stat.mineBlock.gregtech.ore_asbestos_0":74,"stat.craftItem.gregtech.meta_spring_small":1,"stat.mineBlock.minecraft.stonebrick":108,"stat.pickup.gregtech.ore_chalcopyrite_0":485,"stat.mobKills":31,"stat.mineBlock.minecraft.bookshelf":1,"stat.craftItem.minecraft.shears":2,"stat.useItem.minecraft.cobblestone_wall":29,"stat.pickup.minecraft.diamond":102,"stat.pickup.minecraft.torch":28,"stat.mineBlock.gregtech.ore_coal_0":325,"stat.mineBlock.storagedrawers.basicdrawers":3,"stat.drop.gregtech.meta_dust":1,"stat.craftItem.minecraft.iron_axe":1,"stat.useItem.minecraft.planks":4,"stat.craftItem.gregtech.mining_hammer":3,"stat.mineBlock.gregtech.ore_vanadium_magnetite_0":117,"stat.useItem.minecraft.water_bucket":10,"stat.pickup.minecraft.sand":262,"stat.useItem.enderio.item_dark_steel_sword":46,"stat.pickup.nuclearcraft.water_source":3,"stat.craftItem.extrautils2.redstoneclock":1,"stat.craftItem.minecraft.cobblestone_wall":120,"stat.craftItem.gregtech.axe":2,"stat.mineBlock.minecraft.sand":303,"stat.mineBlock.gregtech.ore_pyrite_0":48,"stat.craftItem.contenttweaker.excitationcoil":1,"stat.craftItem.gregtech.ore_sulfur_0":32,"stat.hopperInspected":15,"stat.useItem.minecraft.spawn_egg":1,"stat.pickup.actuallyadditions.item_worm":6,"stat.pickup.gregtech.meta_ingot":136,"stat.craftItem.gregtech.saw":2,"stat.craftItem.gregtech.machine":17,"stat.craftItem.enderio.item_material":136,"stat.pickup.gregtech.ore_yellow_limonite_0":76,"stat.pickup.gregtech.ore_graphite_0":75,"stat.pickup.gregtech.file":2,"stat.pickup.actuallyadditions.item_solidified_experience":3,"stat.craftItem.thermalfoundation.material":5,"stat.pickup.gregtech.ore_pyrite_0":46,"stat.pickup.minecraft.furnace":8,"stat.useItem.minecraft.redstone":13,"stat.drop.minecraft.stained_hardened_clay":12,"stat.pickup.gregtech.meta_item_1":599,"stat.useItem.gregtech.ore_oilsands_0":4,"stat.pickup.gregtech.mining_hammer":1,"stat.craftItem.minecraft.sand":64,"stat.pickup.gregtech.ore_ruby_0":27,"stat.craftItem.gregtech.meta_ingot":2051,"stat.useItem.minecraft.hopper":4,"stat.craftItem.gregtech.meta_item_1":509,"stat.craftItem.gregtech.meta_foil":77,"stat.playOneMinute":832310,"stat.craftItem.minecraft.diamond_block":1,"stat.mineBlock.actuallyadditions.block_wild":2,"stat.useItem.gregtech.rubber_log":1,"stat.craftItem.minecraft.carpet":3,"stat.useItem.gregtech.cable_quadruple":11,"stat.pickup.contenttweaker.omnicoin5":24,"stat.pickup.gregtech.ore_zeolite_0":8,"stat.craftItem.snad.snad":1,"stat.fallOneCm":361199,"stat.craftItem.hooked.hook":3,"stat.pickup.gregtech.machine":35,"stat.craftItem.minecraft.chest":67,"stat.mineBlock.gregtech.ore_yellow_limonite_0":77,"stat.mineBlock.gregtech.machine":35,"stat.mineBlock.gregtech.rubber_sapling":11,"stat.craftItem.hooked.microcrafting":4,"stat.pickup.minecraft.comparator":2,"stat.mineBlock.gregtech.ore_cinnabar_0":17,"stat.craftItem.gregtech.fluid_pipe_normal":1,"stat.useItem.minecraft.furnace":7,"stat.pickup.gregtech.ore_malachite_0":21,"stat.craftItem.thermalfoundation.tool.excavator_diamond":1,"stat.useItem.gregtech.wire_cutter":2,"stat.pickup.gregtech.ore_banded_iron_0":28,"stat.mineBlock.minecraft.gravel":1,"stat.mineBlock.gregtech.ore_tin_0":131,"stat.drop.minecraft.reeds":364,"stat.drop.minecraft.iron_axe":2,"stat.useItem.minecraft.torch":48,"stat.pickup.gregtech.ore_silver_0":45,"stat.pickup.gregtech.wire_cutter":2,"stat.craftItem.minecraft.redstone_block":159,"stat.useItem.minecraft.log":6,"stat.pickup.minecraft.crafting_table":3,"stat.craftItem.minecraft.crafting_table":10,"stat.mineBlock.gregtech.ore_pentlandite_0":19,"stat.pickup.minecraft.log":484,"stat.drop.minecraft.stonebrick":19,"stat.mineBlock.gregtech.ore_fullers_earth_0":8,"stat.craftItem.minecraft.hopper_minecart":2,"stat.pickup.minecraft.tallgrass":1,"stat.craftItem.gregtech.machine_casing":6,"stat.pickup.minecraft.sapling":99,"stat.useItem.thermalfoundation.tool.excavator_diamond":86,"stat.pickup.gregtech.ore_brown_limonite_0":99,"stat.craftItem.toolbelt.belt":1,"stat.craftItem.thermalexpansion.capacitor":1,"stat.mineBlock.gregtech.ore_silver_0":29,"stat.useItem.minecraft.stone_hoe":80,"stat.pickup.gregtech.wire_octal":2,"stat.sneakTime":12717,"stat.mineBlock.minecraft.cobblestone_wall":33,"stat.pickup.minecraft.stone_slab":24,"stat.pickup.minecraft.yellow_flower":4,"stat.pickup.minecraft.chest":11,"stat.pickup.minecraft.redstone_torch":1,"stat.pickup.gregtech.ore_asbestos_0":74,"stat.mineBlock.gregtech.ore_galena_0":44,"stat.mineBlock.gregtech.ore_gypsum_0":4,"stat.craftItem.gregtech.ore_iron_0":32,"stat.swimOneCm":40811,"stat.climbOneCm":135022,"stat.useItem.minecraft.dirt":68,"stat.pickup.gregtech.ore_coal_0":384,"stat.craftItem.gregtech.wrench":2,"stat.craftItem.gregtech.meta_screw":11,"stat.craftItem.extendedcrafting.handheld_table":1,"stat.pickup.minecraft.anvil":1,"stat.pickup.minecraft.cobblestone":5784,"stat.pickup.gregtech.ore_basaltic_mineral_sand_0":11,"stat.mineBlock.minecraft.carpet":1,"stat.craftItem.storagedrawers.customdrawers":1,"stat.mineBlock.gregtech.ore_glauconite_sand_0":38,"stat.pickup.gregtech.meta_plate":1,"stat.mineBlock.gregtech.rubber_leaves":2,"stat.drop.minecraft.wheat_seeds":4,"stat.craftItem.jecalculation.item_calculator":1,"stat.breakItem.gregtech.hammer":2,"stat.craftItem.minecraft.wooden_slab":6,"stat.craftItem.gregtech.wire_octal":1,"stat.pickup.minecraft.redstone":9,"stat.craftItem.gregtech.ore_copper_0":96,"stat.useItem.minecraft.sign":7,"stat.useItem.gregtech.rubber_sapling":202,"stat.pickup.gregtech.wire_quadruple":3,"stat.mineBlock.gregtech.ore_rock_salt_0":3,"stat.pickup.gregtech.rubber_sapling":165,"stat.pickup.minecraft.stonebrick":84,"stat.drop.minecraft.dirt":72,"stat.useItem.gregtech.wire_double":2,"stat.pickup.gregtech.ore_redstone_0":172,"stat.mineBlock.gregtech.ore_soapstone_0":105,"stat.pickup.minecraft.carpet":1,"stat.pickup.gregtech.meta_foil":16,"stat.craftItem.gregtech.meta_stick":205,"stat.craftItem.minecraft.brick_block":12,"stat.craftItem.minecraft.stone_slab2":0,"stat.pickup.actuallyadditions.item_misc":16,"stat.pickup.minecraft.paper":2,"stat.pickup.morefurnaces.furnaceblock":17,"stat.useItem.gregtech.wire_quadruple":2,"stat.craftItem.minecraft.stick":681,"stat.pickup.gregtech.ore_iron_0":271,"stat.craftItem.gregtech.meta_gear":5,"stat.craftItem.thermalexpansion.dynamo":1,"stat.pickup.gregtech.metal_casing":6,"stat.mineBlock.gregtech.ore_oilsands_0":5,"stat.mineBlock.gregtech.ore_calcite_0":7,"stat.craftItem.minecraft.stone":64,"stat.craftItem.gregtech.meta_gear_small":10,"stat.mineBlock.minecraft.crafting_table":2,"stat.mineBlock.gregtech.ore_redstone_0":180,"stat.craftItem.minecraft.clay_ball":320,"stat.mineBlock.gregtech.ore_brown_limonite_0":100,"stat.craftItem.gregtech.meta_plate":693,"stat.drop":36,"stat.craftItem.gregtech.mallet":1,"stat.craftItem.actuallyadditions.item_misc":8,"stat.craftItem.minecraft.clay":32,"stat.craftItem.minecraft.piston":6,"stat.useItem.thermalfoundation.wrench":30,"stat.pickup.gregtech.cable_quadruple":12,"stat.mineBlock.minecraft.anvil":1,"stat.useItem.minecraft.diamond_axe":3,"stat.pickup.gregtech.ore_realgar_0":39,"stat.drop.actuallyadditions.item_coffee_beans":2,"stat.useItem.minecraft.carpet":2,"stat.useItem.storagedrawers.basicdrawers":20,"stat.pickup.enderio.item_power_conduit":5,"stat.craftItem.minecraft.flint_and_steel":1,"stat.pickup.actuallyadditions.item_coffee_seed":2,"stat.pickup.minecraft.leaves":320,"stat.mineBlock.minecraft.leaves2":19,"stat.pickup.minecraft.leather":24,"stat.mineBlock.minecraft.furnace":8,"stat.useItem.enderio.item_liquid_conduit":7,"stat.pickup.minecraft.reeds":1585,"stat.pickup.gregtech.rubber_log":692,"stat.craftItem.storagedrawers.controller":1,"stat.damageDealt":3100,"stat.craftItem.minecraft.glass":131,"stat.sleepInBed":3,"stat.pickup.snad.snad":1,"stat.killEntity.Cow":30,"stat.pickup.minecraft.minecart":1,"stat.craftItem.minecraft.gravel":126,"stat.walkOneCm":1166981,"stat.pickup.gregtech.ore_diamond_0":99,"stat.pickup.minecraft.stick":51,"stat.craftItem.gregtech.screwdriver":2,"stat.pickup.minecraft.clay_ball":13,"stat.pickup.enderio.item_dark_steel_boots":2,"stat.craftItem.gregtech.wire_single":246,"stat.mineBlock.gregtech.ore_iron_0":249,"stat.craftItem.gregtech.wire_cutter":4,"stat.pickup.gregtech.ore_soapstone_0":100,"stat.pickup.gregtech.meta_dust":226,"stat.craftItem.contenttweaker.omnicoin25":2,"stat.craftItem.minecraft.redstone":2066,"stat.useItem.minecraft.leaves":1,"stat.craftItem.minecraft.minecart":1,"stat.pickup.minecraft.gold_ingot":10,"stat.mineBlock.gregtech.rubber_log":692,"stat.mineBlock.gregtech.stone_smooth":22,"stat.craftItem.gregtech.meta_bolt":45,"stat.mineBlock.gregtech.ore_garnet_sand_0":39,"stat.mineBlock.extrautils2.redstoneclock":1,"stat.mineBlock.minecraft.leaves":360,"stat.craftItem.gregtech.meta_dust":1056,"stat.craftItem.minecraft.brick":69,"stat.mineBlock.minecraft.stone":7078}